{"stats":{"minecraft:picked_up":{"minecraft:mutton":2,"minecraft:white_wool":1},"minecraft:killed":{"minecraft:sheep":1},"minecraft:mined":{"minecraft:grass":2},"minecraft:custom":{"minecraft:jump":18,"minecraft:time_since_rest":1159,"minecraft:damage_dealt":80,"minecraft:leave_game":1,"minecraft:sprint_one_cm":565,"minecraft:play_time":1159,"minecraft:time_since_death":1159,"minecraft:walk_one_cm":2336,"minecraft:sneak_time":7,"minecraft:total_world_time":1159,"minecraft:mob_kills":1,"minecraft:fly_one_cm":975}},"DataVersion":3465}