{"stats":{"minecraft:dropped":{"minecraft:iron_ingot":9,"minecraft:bread":1,"minecraft:kelp":44,"minecraft:wheat_seeds":2,"minecraft:golden_helmet":1,"minecraft:iron_nugget":2,"minecraft:cobblestone":5,"minecraft:rotten_flesh":2,"minecraft:book":1,"minecraft:golden_shovel":1,"minecraft:flint_and_steel":3,"minecraft:flint":8,"minecraft:dirt":6,"minecraft:gunpowder":3,"minecraft:torch":8,"minecraft:jungle_log":5,"minecraft:golden_leggings":1,"minecraft:oak_sapling":4,"minecraft:golden_hoe":1,"minecraft:sand":2,"minecraft:glistering_melon_slice":7},"minecraft:broken":{"minecraft:stone_axe":1},"minecraft:used":{"minecraft:wheat_seeds":1,"minecraft:water_bucket":3,"minecraft:flint_and_steel":1,"minecraft:stone_pickaxe":84,"minecraft:oak_planks":8,"minecraft:poppy":3,"minecraft:chest":1,"minecraft:wooden_pickaxe":14,"minecraft:sandstone":2,"minecraft:torch":2,"minecraft:sand":10,"minecraft:dirt":44,"minecraft:mutton":5,"minecraft:crafting_table":4,"minecraft:white_bed":5,"minecraft:apple":1,"minecraft:iron_axe":128,"minecraft:melon_slice":5,"minecraft:bread":16,"minecraft:jungle_log":7,"minecraft:golden_helmet":2,"minecraft:stone_axe":99,"minecraft:cobblestone":24,"minecraft:beef":7,"minecraft:furnace":1,"minecraft:oak_sapling":6,"minecraft:bucket":4,"minecraft:egg":2,"minecraft:experience_bottle":1,"minecraft:pumpkin":5},"minecraft:picked_up":{"minecraft:cocoa_beans":17,"minecraft:crafting_table":4,"minecraft:jungle_log":29,"minecraft:leather":4,"minecraft:golden_leggings":2,"minecraft:golden_shovel":2,"minecraft:flint":4,"minecraft:oak_log":44,"minecraft:gunpowder":6,"minecraft:string":1,"minecraft:dirt":50,"minecraft:flint_and_steel":3,"minecraft:bone":2,"minecraft:apple":1,"minecraft:kelp":54,"minecraft:wheat_seeds":9,"minecraft:beef":7,"minecraft:iron_ingot":16,"minecraft:jungle_sapling":1,"minecraft:poppy":3,"minecraft:melon_slice":64,"minecraft:chest":1,"minecraft:oak_planks":8,"minecraft:furnace":1,"minecraft:egg":2,"minecraft:book":1,"minecraft:golden_helmet":2,"minecraft:stick":12,"minecraft:raw_iron":4,"minecraft:sandstone":2,"minecraft:pumpkin":26,"minecraft:torch":10,"minecraft:sand":12,"minecraft:white_bed":5,"minecraft:rotten_flesh":2,"minecraft:golden_hoe":2,"minecraft:hay_block":52,"minecraft:glistering_melon_slice":14,"minecraft:bread":1,"minecraft:oak_sapling":14,"minecraft:mutton":5,"minecraft:coal":40,"minecraft:cobblestone":53,"minecraft:white_wool":3},"minecraft:crafted":{"minecraft:oak_planks":24,"minecraft:crafting_table":1,"minecraft:dried_kelp":10,"minecraft:wooden_pickaxe":1,"minecraft:furnace":1,"minecraft:bucket":1,"minecraft:stone_axe":1,"minecraft:bread":156,"minecraft:air":0,"minecraft:iron_axe":1,"minecraft:stick":28,"minecraft:iron_ingot":8,"minecraft:stone_pickaxe":1,"minecraft:white_bed":1,"minecraft:torch":8,"minecraft:wheat":468},"minecraft:custom":{"minecraft:interact_with_furnace":8,"minecraft:mob_kills":13,"minecraft:interact_with_crafting_table":13,"minecraft:interact_with_cartography_table":1,"minecraft:bell_ring":8,"minecraft:interact_with_grindstone":2,"minecraft:leave_game":2,"minecraft:time_since_death":69238,"minecraft:sleep_in_bed":5,"minecraft:climb_one_cm":3610,"minecraft:time_since_rest":4577,"minecraft:sprint_one_cm":263205,"minecraft:damage_taken":649,"minecraft:walk_one_cm":118414,"minecraft:drop":26,"minecraft:damage_dealt":3852,"minecraft:swim_one_cm":149586,"minecraft:talked_to_villager":6,"minecraft:fly_one_cm":379325,"minecraft:open_chest":14,"minecraft:crouch_one_cm":1027,"minecraft:play_time":69238,"minecraft:sneak_time":1306,"minecraft:walk_under_water_one_cm":11455,"minecraft:jump":1468,"minecraft:walk_on_water_one_cm":13589,"minecraft:total_world_time":69238,"minecraft:fall_one_cm":42786},"minecraft:mined":{"minecraft:white_bed":5,"minecraft:kelp_plant":1,"minecraft:jungle_leaves":40,"minecraft:crafting_table":4,"minecraft:torch":2,"minecraft:chest":1,"minecraft:grass_block":14,"minecraft:melon":17,"minecraft:jungle_log":24,"minecraft:dead_bush":7,"minecraft:tall_grass":6,"minecraft:oak_planks":8,"minecraft:kelp":1,"minecraft:sandstone":2,"minecraft:hay_block":51,"minecraft:furnace":1,"minecraft:fire":1,"minecraft:iron_ore":4,"minecraft:wheat":1,"minecraft:pumpkin":26,"minecraft:grass":21,"minecraft:oak_log":44,"minecraft:coal_ore":40,"minecraft:vine":3,"minecraft:cocoa":7,"minecraft:sand":10,"minecraft:dirt":22,"minecraft:stone":43,"minecraft:fern":1,"minecraft:oak_leaves":46},"minecraft:killed":{"minecraft:spider":1,"minecraft:iron_golem":2,"minecraft:sheep":3,"minecraft:skeleton":1,"minecraft:guardian":1,"minecraft:camel":1,"minecraft:ocelot":1,"minecraft:cow":3}},"DataVersion":3465}